{"canvas":{"uid":"uid-c997e9b9-3ef8-4fac-8ebf-48ffe7492dd1","version":43},"instanceNameConvention":"","nodes":[{"bpmn":"StartMessageEvent","uid":"uid-c357104b-1d0d-4129-b3d6-90adb53947d3","id":"com.amberfin.workflow.trigger.camel.AmberFinCamelMessageEventController","version":2,"label":"Watch Folder","section":"starts","description":"<html>\n    <head>\n        <meta charset=\"utf-8\"/>\n        <title></title>\n        <link rel=\"stylesheet\" type=\"text/css\" href=\"css/stencil-desc.css\">\n    </head>\n    <body>\n      <p>Start the workflow when a file or shortcut to a file appears in a given folder.</p>\n            <br/>\n      <table class=\"paramsTable\">\n        <thead>\n        <tr>\n            <th class=\"type\">Input</th>\n            <th class=\"desc\">Description</th>\n        </tr>\n        </thead>\n        <tbody>\n                <tr>\n            <td>Detect Updated Files</td>\n            <td>Start when an existing file (size or last modified time) changes.</td>\n        </tr>\n                <tr>\n            <td>Detect Growing Files</td>\n            <td>Start when a file stops growing.</td>\n        </tr>\n                <tr>\n            <td>Growing Check Interval (ms)</td>\n            <td>Milliseconds between growing file checks (only applicable if \"Detect Growing File\" is enabled)</td>\n        </tr>\n                </tbody>\n      </table>  \n                  <br/>\n      <table class=\"paramsTable\">\n        <thead>\n        <tr>\n            <th class=\"type\">Output</th>\n            <th class=\"desc\">Description</th>\n        </tr>\n        </thead>\n        <tbody>\n                <tr>\n            <td>Output File Extension</td>\n            <td>The output extension only (e.g. mxf).</td>\n        </tr>\n                <tr>\n            <td>Output File Name (No Extension)</td>\n            <td>The output filename without an extension.</td>\n        </tr>\n                <tr>\n            <td>Output File Path</td>\n            <td>The full path to the file detected by the watchfolder.</td>\n        </tr>\n                <tr>\n            <td>Output Folder Path</td>\n            <td>The full path to the output parent folder.</td>\n        </tr>\n                </tbody>\n      </table>\n          </body>\n</html>\n","draggablePicture":"start-event-watch.svg","icon":"icon-watch.svg","stencilSetPicture":"start-event-watch.svg","height":40,"width":40,"x":154,"y":179,"properties":[{"name":"Name","category":"general","editable":{"type":"string","target":"label","required":true,"validationRules":["unique","non-empty","label"]}},{"name":"Input Folder Path","category":"inputs","editable":{"type":"full-screen-custom-picker","dataProviderId":"FolderPicker","target":"inputs.inputFolderPath","required":true,"disabled":false}},{"name":"File Filter","category":"inputs","editable":{"type":"inline-custom-picker","dataProviderId":"FileExtensionPicker","target":"inputs.fileFilter","required":false,"disabled":false}},{"name":"Detect Updated Files","category":"inputs","editable":{"type":"inline-custom-picker","dataProviderId":"BooleanDataPicker","target":"inputs.detectFileChange","required":false,"disabled":false}},{"name":"Detect Growing Files","category":"inputs","editable":{"type":"inline-custom-picker","dataProviderId":"BooleanDataPicker","target":"inputs.detectGrowingFiles","required":false,"disabled":false}},{"name":"Growing Check Interval (ms)","category":"inputs","editable":{"type":"inline-text-da","target":"inputs.growingCheckInterval","required":false,"disabled":false}},{"name":"Outputs","category":"outputs","editable":{"type":"inline-text-da","target":"outputs","disabled":true}}],"inputs":{"inputFolderPath":"d:\\Watch","fileFilter":"mxf","detectFileChange":"false","detectGrowingFiles":"true","growingCheckInterval":"1000","messageControllerIds":["AmberFinCamelMessageEventController"]},"outputs":"Output File Extension,Output File Name (No Extension),Output File Path,Output Folder Path,Start Day,Start Hour,Start Minute,Start Month,Start Second,Start Year"},{"bpmn":"ScriptTask","uid":"uid-216ef51c-8603-456d-9185-2aa9988bd348","id":"uid-41b64e06-ea3f-4553-adf5-9b297772e34e","version":7,"label":"Prepare Transcode Cmd","section":"integration","description":"A script task contains a script to be executed.\r\n The script must be a Groovy script.","draggablePicture":"task.svg","icon":"icon-script.svg","stencilSetPicture":"icon-script.svg","height":82,"width":110,"x":311,"y":219,"editable":true,"exportable":true,"properties":[{"name":"Script data","category":"inputs","editable":{"type":"groovy","target":"inputs.script","required":true,"disabled":false},"disabled":false},{"name":"Retry count","category":"inputs","editable":{"type":"inline-text","target":"inputs.failedJobRetryCount","disabled":false},"disabled":false},{"name":"Retry delay","category":"inputs","editable":{"type":"inline-text","target":"inputs.failedJobRetryDelay","disabled":false},"disabled":false},{"name":"Outputs","category":"outputs","editable":{"type":"inline-text","target":"outputs","disabled":false},"disabled":false},{"name":"BPM type","category":"general","editable":{"type":"inline-text","target":"bpmn","disabled":true}},{"name":"Name","category":"general","editable":{"type":"string","target":"label","required":true,"validationRules":["unique","non-empty","label"]}},{"name":"inputFilePath","category":"inputs","editable":{"type":"inline-text-da","target":"extraInputs.inputFilePath","disabled":false},"disabled":false},{"name":"outputFilePath","category":"inputs","editable":{"type":"inline-text-da","target":"extraInputs.outputFilePath","disabled":false},"disabled":false},{"name":"conversionTemplate","category":"inputs","editable":{"type":"inline-text-da","target":"extraInputs.conversionTemplate","disabled":false},"disabled":false},{"name":"conversionProfile","category":"inputs","editable":{"type":"inline-text-da","target":"extraInputs.conversionProfile","disabled":false},"disabled":false},{"name":"logoPath","category":"inputs","editable":{"type":"inline-text-da","target":"extraInputs.logoPath","disabled":false},"disabled":false}],"inputs":{"script":"import static com.dalet.bpm.engine.plugins.localcontext.ActivityLocalContext.*\n// import the logger so we can display errors\nimport org.apache.log4j.Logger\nfinal Logger LOG = Logger.getLogger(\"Prepare SOAP Command\")\n\nLOG.info(\"Starting Script to Create SOAP Command\")\n\nString inputFile = getVariable(execution, 'inputFilePath')\nString logoFile = getVariable(execution, 'logoPath')\nString outputFile = getVariable(execution, 'outputFilePath')\nString conversionTemplate = getVariable(execution, 'conversionTemplate')\nString conversionProfile = getVariable(execution, 'conversionProfile')\n\n//String outputFileBaseName = outputFile.substring(outputFile.lastIndexOf('\\\\')+1,outputFile.lastIndexOf('.'));\n\nString outputFileName = outputFile.substring(outputFile.lastIndexOf('\\\\')+1,outputFile.length());\n\nString transcodeXML = '''<transcodeparameters xmlns=\"http://www.amberfin.com/schema/TranscoderParameters\">\n\t <inputs>\n\t\t<input id=\"SOURCE\">\n\t\t\t<file name=\"''' + inputFile + '''\">\n\t\t\t</file>\n\t\t</input>\n\t</inputs>\n\t<segments style=\"in(inclusive),out(exclusive)\">\n\t\t<segment id=\"0\">\n\t\t\t<input>SOURCE</input>\n\t\t</segment>\n\t</segments>\n\t<output template=\"''' + conversionTemplate + '''\" conversion=\"''' + conversionProfile + '''\">\n\t\t<overlays>\n\t\t<logo>\n\t\t\t<file name=\"''' + logoFile + '''\"/>\n\t\t\t<position>1700,50</position>\n\t\t\t<prekeyed>true</prekeyed>\n\t\t\t<alphapresent>true</alphapresent>\n\t\t\t<opacity>100</opacity>\n\t\t\t<segments>\n\t\t\t<segment>0</segment>\n\t\t\t</segments>\n\t\t</logo> \n\t\t<text>\n\t\t\t<text>'''+ outputFileName +'''</text>\n\t\t\t<colour value=\"255,255,255\"/>\n\t\t\t<opacity>100.0</opacity>\n\t\t\t<font>ARIAL</font>\n\t\t\t<fontsize>40</fontsize>\n\t\t\t<position>0,900</position>\n\t\t\t<size>1920,60</size>\n\t\t\t<horizontalalignment>CENTERED</horizontalalignment>\n                        <verticalalignment>BOTTOM</verticalalignment>\n\t\t\t<segments>\n\t\t\t<segment>0</segment>\n\t\t\t</segments>\n\t\t</text>\n                <timecode>\n                        <source>Lead Timecode Stream</source>\n                        <colour value=\"255,255,255\"/>\n                        <opacity>100.0</opacity>\n                        <font>ARIAL</font>\n                        <fontsize>40</fontsize>\n                        <position>0,20</position>\n                        <size>400,50</size>\n\t\t\t<segments>\n\t\t\t<segment>0</segment>\n\t\t\t</segments>\n                </timecode>\n        </overlays>\n\t</output>\n</transcodeparameters>'''\n\nLOG.info(\"Transcode XML: \" + transcodeXML)\n\nsetVariable(execution, 'transcodeParametersXML', transcodeXML)","failedJobRetryCount":"1","failedJobRetryDelay":"5"},"extraInputs":{"inputFilePath":"${dataAssociation.get('uid-c357104b-1d0d-4129-b3d6-90adb53947d3').get('Output File Path')}","outputFilePath":"D:\\Transcodes${'\\\\'}${dataAssociation.get('uid-c357104b-1d0d-4129-b3d6-90adb53947d3').get('Output File Name (No Extension)')}.mxf","conversionTemplate":"Joe_BobTest","conversionProfile":"MPEG-2 MXF","logoPath":"C:\\temp\\logo.png"},"outputs":"transcodeParametersXML"},{"bpmn":"ServiceTask","uid":"uid-645b1f72-4001-48e8-b0c2-4b715d62a0a2","id":"com.amberfin.workflow.activity.transcode.TranscodeUsingParametersXML","version":1,"label":"Transcode with Parameters","section":"amberfinTranscode","description":"<html>\n    <head>\n        <meta charset=\"utf-8\"/>\n        <title></title>\n        <link rel=\"stylesheet\" type=\"text/css\" href=\"css/stencil-desc.css\">\n    </head>\n    <body>\n      <p>Transcode media content using the AmberFin Transcoder with a given Transcode Parameters XML document </p>\n            <br/>\n      <table class=\"paramsTable\">\n        <thead>\n        <tr>\n            <th class=\"type\">Input</th>\n            <th class=\"desc\">Description</th>\n        </tr>\n        </thead>\n        <tbody>\n                <tr>\n            <td>Transcode Parameters XML</td>\n            <td>Transcode XML for the transcode (see <a href=\"http://localhost:21012/TranscodeService/type-docs/html/TranscoderParametersHelp.html\" target=\"_blank\">Transcode XML documentation</a>).</td>\n        </tr>\n                </tbody>\n      </table>  \n                  <br/>\n      <table class=\"paramsTable\">\n        <thead>\n        <tr>\n            <th class=\"type\">Output</th>\n            <th class=\"desc\">Description</th>\n        </tr>\n        </thead>\n        <tbody>\n                <tr>\n            <td>Best Effort</td>\n            <td>Indicates whether best effort mode was used (true or false).</td>\n        </tr>\n                <tr>\n            <td>Conversion</td>\n            <td>The conversion name used for the Transcode.</td>\n        </tr>\n                <tr>\n            <td>Output File Extension</td>\n            <td>The output extension only (e.g. mxf).</td>\n        </tr>\n                <tr>\n            <td>Output File Name (No Extension)</td>\n            <td>The output filename without an extension.</td>\n        </tr>\n                <tr>\n            <td>Output File Path</td>\n            <td>The full path to the reference output file or folder.</td>\n        </tr>\n                <tr>\n            <td>Output Folder Path</td>\n            <td>The full path to the output parent folder.</td>\n        </tr>\n                <tr>\n            <td>Job ID</td>\n            <td>The AmberFin Job Id.</td>\n        </tr>\n                </tbody>\n      </table>\n          </body>\n</html>\n","draggablePicture":"task.svg","icon":"icon-transcode-parameters.svg","height":82,"width":110,"x":529,"y":219,"editable":true,"exportable":true,"properties":[{"name":"Name","category":"general","editable":{"type":"string","target":"label","required":true,"validationRules":["unique","non-empty","label"]}},{"name":"Multi-instance","category":"general","editable":{"type":"inline-custom-picker-da","dataProviderId":"MultiInstanceDataPicker","target":"multiInstance"}},{"name":"Transcode Parameters XML","category":"inputs","editable":{"type":"full-screen-text-da","target":"inputs.transcodeParametersXML","required":true,"disabled":false}},{"name":"Priority","category":"inputs","editable":{"type":"inline-custom-picker","dataProviderId":"PriorityDataPicker","target":"inputs.jobPriority","required":false,"disabled":false}},{"name":"Outputs","category":"outputs","editable":{"type":"inline-text-da","target":"outputs","disabled":true}}],"inputs":{"transcodeParametersXML":"${dataAssociation.get('uid-216ef51c-8603-456d-9185-2aa9988bd348').get('transcodeParametersXML')}","jobPriority":"MEDIUM","failedJobRetryCount":"1","failedJobRetryDelay":"5","propertiesMap":""},"outputs":"Best Effort,Conversion,Job ID,Output File Extension,Output File Name (No Extension),Output File Path,Output Folder Path","progressProviderId":"AmberFinJobProgressProvider","delegateCallback":"${transcodeUsingParametersXML}"},{"bpmn":"EndNoneEvent","uid":"uid-ebfa28b7-e8f6-463e-a300-2d01d1f3146b","id":"uid-6bcd1432-8f51-4f6e-970a-495b3e1732bb","version":1,"label":"End Event","section":"ends","description":"End the workflow.","draggablePicture":"end-event.svg","height":40,"width":40,"x":749,"y":172,"properties":[{"name":"Name","category":"general","editable":{"type":"string","target":"label","required":true,"validationRules":["unique","non-empty","label"]}}]}],"links":[{"bpmn":"SequenceFlow","uid":"uid-7a9a30ae-047e-4668-9a05-94c2b6d0247a","shape":"","sourceUid":"uid-c357104b-1d0d-4129-b3d6-90adb53947d3","targetUid":"uid-216ef51c-8603-456d-9185-2aa9988bd348","label":"","fromPort":"out","toPort":"in","type":"Normal"},{"bpmn":"SequenceFlow","uid":"uid-417742d3-7d8e-48a5-a79c-21f100bbb1c3","shape":"","sourceUid":"uid-216ef51c-8603-456d-9185-2aa9988bd348","targetUid":"uid-645b1f72-4001-48e8-b0c2-4b715d62a0a2","label":"","fromPort":"out","toPort":"in","type":"Normal"},{"bpmn":"SequenceFlow","uid":"uid-486ff02c-2c82-4179-8702-366614807999","shape":"","sourceUid":"uid-645b1f72-4001-48e8-b0c2-4b715d62a0a2","targetUid":"uid-ebfa28b7-e8f6-463e-a300-2d01d1f3146b","label":"","fromPort":"out","toPort":"in","type":"Normal"}]}