{"bounds":{"lowerRight":{"x":783.337890625,"y":224},"upperLeft":{"x":111.2216796875,"y":109.5}},"resourceId":"uid-c997e9b9-3ef8-4fac-8ebf-48ffe7492dd1","stencilset":{"namespace":"http://b3mn.org/stencilset/bpmn2.0#","url":"bpmn2.0.json"},"stencil":{"id":"BPMNDiagram"},"properties":{"process_id":"uid-c997e9b9-3ef8-4fac-8ebf-48ffe7492dd1","name":"Overlay-with-Filename","process_namespace":"Overlay-with-Filename","executionlisteners":{"executionListeners":[{"event":"start","className":"com.dalet.bpm.engine.plugins.dataassociation.listeners.StartProcessListener"}]}},"childShapes":[{"bounds":{"lowerRight":{"x":191.7783203125,"y":216.994921875},"upperLeft":{"x":116.2216796875,"y":154.5}},"resourceId":"uid-c357104b-1d0d-4129-b3d6-90adb53947d3","stencil":{"id":"StartMessageEvent"},"properties":{"overrideid":"uid-c357104b-1d0d-4129-b3d6-90adb53947d3","formproperties":{"totalCount":0,"items":[]},"name":"Watch Folder","messageref":"uid-2ff6fb34-af9d-474d-a649-fc69fa928183","executionlisteners":{"executionListeners":[{"event":"start","className":"com.dalet.bpm.engine.plugins.dataassociation.listeners.InputDataAssociationListener","fields":[{"name":"inputs","expression":"[{\"inputFolderPath\":\"d:\\\\Watch\",\"fileFilter\":\"mxf\",\"detectFileChange\":\"false\",\"detectGrowingFiles\":\"true\",\"growingCheckInterval\":\"1000\",\"messageControllerIds\":[\"AmberFinCamelMessageEventController\"],\"msgUID\":\"uid-2ff6fb34-af9d-474d-a649-fc69fa928183\"}]"}]},{"event":"end","className":"com.dalet.bpm.engine.plugins.dataassociation.listeners.OutputDataAssociationListener","fields":[{"name":"outputs","expression":"[\"Output File Extension\",\"Output File Name (No Extension)\",\"Output File Path\",\"Output Folder Path\",\"Start Day\",\"Start Hour\",\"Start Minute\",\"Start Month\",\"Start Second\",\"Start Year\"]"}]}]}},"outgoing":[{"resourceId":"uid-7a9a30ae-047e-4668-9a05-94c2b6d0247a"}],"dalet":{"icon":"icon-watch.svg"}},{"bounds":{"lowerRight":{"x":389.5,"y":219},"upperLeft":{"x":232.5,"y":114.5}},"resourceId":"uid-216ef51c-8603-456d-9185-2aa9988bd348","stencil":{"id":"ScriptTask"},"properties":{"overrideid":"uid-216ef51c-8603-456d-9185-2aa9988bd348","formproperties":{"totalCount":0,"items":[]},"name":"Prepare Transcode Cmd","scriptformat":"groovy","scripttext":"import static com.dalet.bpm.engine.plugins.localcontext.ActivityLocalContext.*\n// import the logger so we can display errors\nimport org.apache.log4j.Logger\nfinal Logger LOG = Logger.getLogger(\"Prepare SOAP Command\")\n\nLOG.info(\"Starting Script to Create SOAP Command\")\n\nString inputFile = getVariable(execution, 'inputFilePath')\nString logoFile = getVariable(execution, 'logoPath')\nString outputFile = getVariable(execution, 'outputFilePath')\nString conversionTemplate = getVariable(execution, 'conversionTemplate')\nString conversionProfile = getVariable(execution, 'conversionProfile')\n\n//String outputFileBaseName = outputFile.substring(outputFile.lastIndexOf('\\\\')+1,outputFile.lastIndexOf('.'));\n\nString outputFileName = outputFile.substring(outputFile.lastIndexOf('\\\\')+1,outputFile.length());\n\nString transcodeXML = '''<transcodeparameters xmlns=\"http://www.amberfin.com/schema/TranscoderParameters\">\n\t <inputs>\n\t\t<input id=\"SOURCE\">\n\t\t\t<file name=\"''' + inputFile + '''\">\n\t\t\t</file>\n\t\t</input>\n\t</inputs>\n\t<segments style=\"in(inclusive),out(exclusive)\">\n\t\t<segment id=\"0\">\n\t\t\t<input>SOURCE</input>\n\t\t</segment>\n\t</segments>\n\t<output template=\"''' + conversionTemplate + '''\" conversion=\"''' + conversionProfile + '''\">\n\t\t<overlays>\n\t\t<logo>\n\t\t\t<file name=\"''' + logoFile + '''\"/>\n\t\t\t<position>1700,50</position>\n\t\t\t<prekeyed>true</prekeyed>\n\t\t\t<alphapresent>true</alphapresent>\n\t\t\t<opacity>100</opacity>\n\t\t\t<segments>\n\t\t\t<segment>0</segment>\n\t\t\t</segments>\n\t\t</logo> \n\t\t<text>\n\t\t\t<text>'''+ outputFileName +'''</text>\n\t\t\t<colour value=\"255,255,255\"/>\n\t\t\t<opacity>100.0</opacity>\n\t\t\t<font>ARIAL</font>\n\t\t\t<fontsize>40</fontsize>\n\t\t\t<position>0,900</position>\n\t\t\t<size>1920,60</size>\n\t\t\t<horizontalalignment>CENTERED</horizontalalignment>\n                        <verticalalignment>BOTTOM</verticalalignment>\n\t\t\t<segments>\n\t\t\t<segment>0</segment>\n\t\t\t</segments>\n\t\t</text>\n                <timecode>\n                        <source>Lead Timecode Stream</source>\n                        <colour value=\"255,255,255\"/>\n                        <opacity>100.0</opacity>\n                        <font>ARIAL</font>\n                        <fontsize>40</fontsize>\n                        <position>0,20</position>\n                        <size>400,50</size>\n\t\t\t<segments>\n\t\t\t<segment>0</segment>\n\t\t\t</segments>\n                </timecode>\n        </overlays>\n\t</output>\n</transcodeparameters>'''\n\nLOG.info(\"Transcode XML: \" + transcodeXML)\n\nsetVariable(execution, 'transcodeParametersXML', transcodeXML)","asynchronousdefinition":"Yes","exclusivedefinition":"Yes","executionlisteners":{"executionListeners":[{"event":"start","className":"com.dalet.bpm.engine.plugins.dataassociation.listeners.InputDataAssociationListener","fields":[{"name":"inputs","expression":"[{\"failedJobRetryCount\":\"1\",\"failedJobRetryDelay\":\"5\"},{\"inputFilePath\":\"${dataAssociation.get('uid-c357104b-1d0d-4129-b3d6-90adb53947d3').get('Output File Path')}\",\"outputFilePath\":\"D:\\\\Transcodes${'\\\\\\\\'}${dataAssociation.get('uid-c357104b-1d0d-4129-b3d6-90adb53947d3').get('Output File Name (No Extension)')}.mxf\",\"conversionTemplate\":\"Joe_BobTest\",\"conversionProfile\":\"MPEG-2 MXF\",\"logoPath\":\"C:\\\\temp\\\\logo.png\"}]"}]},{"event":"end","className":"com.dalet.bpm.engine.plugins.dataassociation.listeners.OutputDataAssociationListener","fields":[{"name":"outputs","expression":"[\"transcodeParametersXML\"]"}]}]}},"outgoing":[{"resourceId":"uid-417742d3-7d8e-48a5-a79c-21f100bbb1c3"}],"dalet":{"icon":"icon-script.svg"},"failedJobRetryCycle":"R1/PT5S"},{"bounds":{"lowerRight":{"x":607.5,"y":219},"upperLeft":{"x":450.5,"y":114.5}},"resourceId":"uid-645b1f72-4001-48e8-b0c2-4b715d62a0a2","stencil":{"id":"ServiceTask"},"properties":{"overrideid":"uid-645b1f72-4001-48e8-b0c2-4b715d62a0a2","formproperties":{"totalCount":0,"items":[]},"name":"Transcode with Parameters","servicetaskdelegateexpression":"${transcodeUsingParametersXML}","asynchronousdefinition":"Yes","exclusivedefinition":"Yes","executionlisteners":{"executionListeners":[{"event":"start","className":"com.dalet.bpm.engine.plugins.dataassociation.listeners.InputDataAssociationListener","fields":[{"name":"inputs","expression":"[{\"transcodeParametersXML\":\"${dataAssociation.get('uid-216ef51c-8603-456d-9185-2aa9988bd348').get('transcodeParametersXML')}\",\"jobPriority\":\"MEDIUM\",\"failedJobRetryCount\":\"1\",\"failedJobRetryDelay\":\"5\",\"propertiesMap\":\"\"}]"}]},{"event":"start","className":"com.dalet.bpm.engine.plugins.activityprogress.impl.ProgressProviderListener","fields":[{"name":"progressProviderId","expression":"AmberFinJobProgressProvider"}]},{"event":"end","className":"com.dalet.bpm.engine.plugins.dataassociation.listeners.OutputDataAssociationListener","fields":[{"name":"outputs","expression":"[\"Best Effort\",\"Conversion\",\"Job ID\",\"Output File Extension\",\"Output File Name (No Extension)\",\"Output File Path\",\"Output Folder Path\"]"}]}]}},"outgoing":[{"resourceId":"uid-486ff02c-2c82-4179-8702-366614807999"}],"dalet":{"icon":"icon-transcode-parameters.svg"},"failedJobRetryCycle":"R1/PT5S"},{"bounds":{"lowerRight":{"x":778.337890625,"y":209.994921875},"upperLeft":{"x":719.662109375,"y":147.5}},"resourceId":"uid-ebfa28b7-e8f6-463e-a300-2d01d1f3146b","stencil":{"id":"EndNoneEvent"},"properties":{"overrideid":"uid-ebfa28b7-e8f6-463e-a300-2d01d1f3146b","formproperties":{"totalCount":0,"items":[]},"name":"End Event","executionlisteners":{"executionListeners":[]}},"outgoing":[],"dalet":{}},{"bounds":{"lowerRight":{"x":0,"y":0},"upperLeft":{"x":0,"y":0}},"resourceId":"uid-7a9a30ae-047e-4668-9a05-94c2b6d0247a","stencil":{"id":"SequenceFlow"},"properties":{"overrideid":"uid-7a9a30ae-047e-4668-9a05-94c2b6d0247a"},"target":{"resourceId":"uid-216ef51c-8603-456d-9185-2aa9988bd348"},"dockers":[{"x":37.7783203125,"y":31.247460937499994},{"x":78.5,"y":52.25}]},{"bounds":{"lowerRight":{"x":0,"y":0},"upperLeft":{"x":0,"y":0}},"resourceId":"uid-417742d3-7d8e-48a5-a79c-21f100bbb1c3","stencil":{"id":"SequenceFlow"},"properties":{"overrideid":"uid-417742d3-7d8e-48a5-a79c-21f100bbb1c3"},"target":{"resourceId":"uid-645b1f72-4001-48e8-b0c2-4b715d62a0a2"},"dockers":[{"x":78.5,"y":52.25},{"x":78.5,"y":52.25}]},{"bounds":{"lowerRight":{"x":0,"y":0},"upperLeft":{"x":0,"y":0}},"resourceId":"uid-486ff02c-2c82-4179-8702-366614807999","stencil":{"id":"SequenceFlow"},"properties":{"overrideid":"uid-486ff02c-2c82-4179-8702-366614807999"},"target":{"resourceId":"uid-ebfa28b7-e8f6-463e-a300-2d01d1f3146b"},"dockers":[{"x":78.5,"y":52.25},{"x":29.337890625,"y":31.247460937499994}]}]}