<?xml version='1.0' encoding='UTF-8'?>
<definitions xmlns="http://www.omg.org/spec/BPMN/20100524/MODEL" xmlns:xsi="http://www.w3.org/2001/XMLSchema-instance" xmlns:xsd="http://www.w3.org/2001/XMLSchema" xmlns:activiti="http://activiti.org/bpmn" xmlns:bpmndi="http://www.omg.org/spec/BPMN/20100524/DI" xmlns:omgdc="http://www.omg.org/spec/DD/20100524/DC" xmlns:omgdi="http://www.omg.org/spec/DD/20100524/DI" typeLanguage="http://www.w3.org/2001/XMLSchema" expressionLanguage="http://www.w3.org/1999/XPath" targetNamespace="Overlay-with-Filename">
  <message id="uid-2ff6fb34-af9d-474d-a649-fc69fa928183" name="uid-2ff6fb34-af9d-474d-a649-fc69fa928183"/>
  <process id="uid-c997e9b9-3ef8-4fac-8ebf-48ffe7492dd1" name="Overlay-with-Filename" isExecutable="true">
    <extensionElements>
      <activiti:executionListener event="start" class="com.dalet.bpm.engine.plugins.dataassociation.listeners.StartProcessListener"/>
    </extensionElements>
    <startEvent id="uid-c357104b-1d0d-4129-b3d6-90adb53947d3" name="Watch Folder">
      <extensionElements>
        <activiti:executionListener event="start" class="com.dalet.bpm.engine.plugins.dataassociation.listeners.InputDataAssociationListener">
          <activiti:field name="inputs">
            <activiti:expression><![CDATA[[{"inputFolderPath":"d:\\Watch","fileFilter":"mxf","detectFileChange":"false","detectGrowingFiles":"true","growingCheckInterval":"1000","messageControllerIds":["AmberFinCamelMessageEventController"],"msgUID":"uid-2ff6fb34-af9d-474d-a649-fc69fa928183"}]]]></activiti:expression>
          </activiti:field>
        </activiti:executionListener>
        <activiti:executionListener event="end" class="com.dalet.bpm.engine.plugins.dataassociation.listeners.OutputDataAssociationListener">
          <activiti:field name="outputs">
            <activiti:expression><![CDATA[["Output File Extension","Output File Name (No Extension)","Output File Path","Output Folder Path","Start Day","Start Hour","Start Minute","Start Month","Start Second","Start Year"]]]></activiti:expression>
          </activiti:field>
        </activiti:executionListener>
        <dalet:icon xmlns:dalet="http://dalet.com/bpmn"><![CDATA[icon-watch.svg]]></dalet:icon>
      </extensionElements>
      <messageEventDefinition messageRef="uid-2ff6fb34-af9d-474d-a649-fc69fa928183"/>
    </startEvent>
    <scriptTask id="uid-216ef51c-8603-456d-9185-2aa9988bd348" name="Prepare Transcode Cmd" activiti:async="true" scriptFormat="groovy" activiti:autoStoreVariables="false">
      <extensionElements>
        <activiti:executionListener event="start" class="com.dalet.bpm.engine.plugins.dataassociation.listeners.InputDataAssociationListener">
          <activiti:field name="inputs">
            <activiti:expression><![CDATA[[{"failedJobRetryCount":"1","failedJobRetryDelay":"5"},{"inputFilePath":"${dataAssociation.get('uid-c357104b-1d0d-4129-b3d6-90adb53947d3').get('Output File Path')}","outputFilePath":"D:\\Transcodes${'\\\\'}${dataAssociation.get('uid-c357104b-1d0d-4129-b3d6-90adb53947d3').get('Output File Name (No Extension)')}.mxf","conversionTemplate":"Joe_BobTest","conversionProfile":"MPEG-2 MXF","logoPath":"C:\\temp\\logo.png"}]]]></activiti:expression>
          </activiti:field>
        </activiti:executionListener>
        <activiti:executionListener event="end" class="com.dalet.bpm.engine.plugins.dataassociation.listeners.OutputDataAssociationListener">
          <activiti:field name="outputs">
            <activiti:expression><![CDATA[["transcodeParametersXML"]]]></activiti:expression>
          </activiti:field>
        </activiti:executionListener>
        <dalet:icon xmlns:dalet="http://dalet.com/bpmn"><![CDATA[icon-script.svg]]></dalet:icon>
        <activiti:failedJobRetryTimeCycle>R1/PT5S</activiti:failedJobRetryTimeCycle>
      </extensionElements>
      <script><![CDATA[import static com.dalet.bpm.engine.plugins.localcontext.ActivityLocalContext.*
// import the logger so we can display errors
import org.apache.log4j.Logger
final Logger LOG = Logger.getLogger("Prepare SOAP Command")

LOG.info("Starting Script to Create SOAP Command")

String inputFile = getVariable(execution, 'inputFilePath')
String logoFile = getVariable(execution, 'logoPath')
String outputFile = getVariable(execution, 'outputFilePath')
String conversionTemplate = getVariable(execution, 'conversionTemplate')
String conversionProfile = getVariable(execution, 'conversionProfile')

//String outputFileBaseName = outputFile.substring(outputFile.lastIndexOf('\\')+1,outputFile.lastIndexOf('.'));

String outputFileName = outputFile.substring(outputFile.lastIndexOf('\\')+1,outputFile.length());

String transcodeXML = '''<transcodeparameters xmlns="http://www.amberfin.com/schema/TranscoderParameters">
	 <inputs>
		<input id="SOURCE">
			<file name="''' + inputFile + '''">
			</file>
		</input>
	</inputs>
	<segments style="in(inclusive),out(exclusive)">
		<segment id="0">
			<input>SOURCE</input>
		</segment>
	</segments>
	<output template="''' + conversionTemplate + '''" conversion="''' + conversionProfile + '''">
		<overlays>
		<logo>
			<file name="''' + logoFile + '''"/>
			<position>1700,50</position>
			<prekeyed>true</prekeyed>
			<alphapresent>true</alphapresent>
			<opacity>100</opacity>
			<segments>
			<segment>0</segment>
			</segments>
		</logo> 
		<text>
			<text>'''+ outputFileName +'''</text>
			<colour value="255,255,255"/>
			<opacity>100.0</opacity>
			<font>ARIAL</font>
			<fontsize>40</fontsize>
			<position>0,900</position>
			<size>1920,60</size>
			<horizontalalignment>CENTERED</horizontalalignment>
                        <verticalalignment>BOTTOM</verticalalignment>
			<segments>
			<segment>0</segment>
			</segments>
		</text>
                <timecode>
                        <source>Lead Timecode Stream</source>
                        <colour value="255,255,255"/>
                        <opacity>100.0</opacity>
                        <font>ARIAL</font>
                        <fontsize>40</fontsize>
                        <position>0,20</position>
                        <size>400,50</size>
			<segments>
			<segment>0</segment>
			</segments>
                </timecode>
        </overlays>
	</output>
</transcodeparameters>'''

LOG.info("Transcode XML: " + transcodeXML)

setVariable(execution, 'transcodeParametersXML', transcodeXML)]]></script>
    </scriptTask>
    <serviceTask id="uid-645b1f72-4001-48e8-b0c2-4b715d62a0a2" name="Transcode with Parameters" activiti:async="true" activiti:delegateExpression="${transcodeUsingParametersXML}">
      <extensionElements>
        <activiti:executionListener event="start" class="com.dalet.bpm.engine.plugins.dataassociation.listeners.InputDataAssociationListener">
          <activiti:field name="inputs">
            <activiti:expression><![CDATA[[{"transcodeParametersXML":"${dataAssociation.get('uid-216ef51c-8603-456d-9185-2aa9988bd348').get('transcodeParametersXML')}","jobPriority":"MEDIUM","failedJobRetryCount":"1","failedJobRetryDelay":"5","propertiesMap":""}]]]></activiti:expression>
          </activiti:field>
        </activiti:executionListener>
        <activiti:executionListener event="start" class="com.dalet.bpm.engine.plugins.activityprogress.impl.ProgressProviderListener">
          <activiti:field name="progressProviderId">
            <activiti:expression><![CDATA[AmberFinJobProgressProvider]]></activiti:expression>
          </activiti:field>
        </activiti:executionListener>
        <activiti:executionListener event="end" class="com.dalet.bpm.engine.plugins.dataassociation.listeners.OutputDataAssociationListener">
          <activiti:field name="outputs">
            <activiti:expression><![CDATA[["Best Effort","Conversion","Job ID","Output File Extension","Output File Name (No Extension)","Output File Path","Output Folder Path"]]]></activiti:expression>
          </activiti:field>
        </activiti:executionListener>
        <dalet:icon xmlns:dalet="http://dalet.com/bpmn"><![CDATA[icon-transcode-parameters.svg]]></dalet:icon>
        <activiti:failedJobRetryTimeCycle>R1/PT5S</activiti:failedJobRetryTimeCycle>
      </extensionElements>
    </serviceTask>
    <endEvent id="uid-ebfa28b7-e8f6-463e-a300-2d01d1f3146b" name="End Event"/>
    <sequenceFlow id="uid-7a9a30ae-047e-4668-9a05-94c2b6d0247a" sourceRef="uid-c357104b-1d0d-4129-b3d6-90adb53947d3" targetRef="uid-216ef51c-8603-456d-9185-2aa9988bd348"/>
    <sequenceFlow id="uid-417742d3-7d8e-48a5-a79c-21f100bbb1c3" sourceRef="uid-216ef51c-8603-456d-9185-2aa9988bd348" targetRef="uid-645b1f72-4001-48e8-b0c2-4b715d62a0a2"/>
    <sequenceFlow id="uid-486ff02c-2c82-4179-8702-366614807999" sourceRef="uid-645b1f72-4001-48e8-b0c2-4b715d62a0a2" targetRef="uid-ebfa28b7-e8f6-463e-a300-2d01d1f3146b"/>
  </process>
  <bpmndi:BPMNDiagram id="BPMNDiagram_uid-c997e9b9-3ef8-4fac-8ebf-48ffe7492dd1">
    <bpmndi:BPMNPlane bpmnElement="uid-c997e9b9-3ef8-4fac-8ebf-48ffe7492dd1" id="BPMNPlane_uid-c997e9b9-3ef8-4fac-8ebf-48ffe7492dd1">
      <bpmndi:BPMNShape bpmnElement="uid-c357104b-1d0d-4129-b3d6-90adb53947d3" id="BPMNShape_uid-c357104b-1d0d-4129-b3d6-90adb53947d3">
        <omgdc:Bounds height="62.49492187499999" width="75.556640625" x="116.2216796875" y="154.5"/>
      </bpmndi:BPMNShape>
      <bpmndi:BPMNShape bpmnElement="uid-216ef51c-8603-456d-9185-2aa9988bd348" id="BPMNShape_uid-216ef51c-8603-456d-9185-2aa9988bd348">
        <omgdc:Bounds height="104.5" width="157.0" x="232.5" y="114.5"/>
      </bpmndi:BPMNShape>
      <bpmndi:BPMNShape bpmnElement="uid-645b1f72-4001-48e8-b0c2-4b715d62a0a2" id="BPMNShape_uid-645b1f72-4001-48e8-b0c2-4b715d62a0a2">
        <omgdc:Bounds height="104.5" width="157.0" x="450.5" y="114.5"/>
      </bpmndi:BPMNShape>
      <bpmndi:BPMNShape bpmnElement="uid-ebfa28b7-e8f6-463e-a300-2d01d1f3146b" id="BPMNShape_uid-ebfa28b7-e8f6-463e-a300-2d01d1f3146b">
        <omgdc:Bounds height="62.49492187499999" width="58.67578125" x="719.662109375" y="147.5"/>
      </bpmndi:BPMNShape>
      <bpmndi:BPMNEdge bpmnElement="uid-417742d3-7d8e-48a5-a79c-21f100bbb1c3" id="BPMNEdge_uid-417742d3-7d8e-48a5-a79c-21f100bbb1c3">
        <omgdi:waypoint x="389.5" y="166.75"/>
        <omgdi:waypoint x="450.5" y="166.75"/>
      </bpmndi:BPMNEdge>
      <bpmndi:BPMNEdge bpmnElement="uid-486ff02c-2c82-4179-8702-366614807999" id="BPMNEdge_uid-486ff02c-2c82-4179-8702-366614807999">
        <omgdi:waypoint x="607.5" y="171.0309121981534"/>
        <omgdi:waypoint x="719.7056369886445" y="177.14992468332872"/>
      </bpmndi:BPMNEdge>
      <bpmndi:BPMNEdge bpmnElement="uid-7a9a30ae-047e-4668-9a05-94c2b6d0247a" id="BPMNEdge_uid-7a9a30ae-047e-4668-9a05-94c2b6d0247a">
        <omgdi:waypoint x="191.5047511988716" y="181.20927593195083"/>
        <omgdi:waypoint x="232.5" y="176.24873046875"/>
      </bpmndi:BPMNEdge>
    </bpmndi:BPMNPlane>
  </bpmndi:BPMNDiagram>
</definitions>